cutoff	recall_rate	false_positive
0.0001	0.9884471585563191	0.011552836516295397
0.00025	0.9884471585563191	0.011552836516295397
0.0005	0.9884471585563191	0.011552836516295397
0.001	0.988448438082451	0.011551556990709365
0.005	0.9890600515734332	0.010939943760585408
0.01	0.989353916075028	0.010646079384326409
0.025	0.9898183840608576	0.010181611596596292
0.05	0.9901514873638264	0.009848508435698934
0.1	0.9904696628619246	0.0095303330733053
0.2	0.990788691377444	0.00921130469385431
0.5	0.991215626596742	0.008784369656647839
