cutoff	recall_rate	FDR
0.0001	0.9897348160821214	0.010256410256410256
0.00025	0.9888793840889649	0.011111111111111112
0.0005	0.9888793840889649	0.011111111111111112
0.001	0.9897348160821214	0.010256410256410256
0.005	0.9897348160821214	0.010256410256410256
0.01	0.9897348160821214	0.010256410256410256
0.025	0.9897348160821214	0.010256410256410256
0.05	0.9897348160821214	0.010256410256410256
0.1	0.9897348160821214	0.010256410256410256
0.2	0.9897348160821214	0.010256410256410256
0.5	0.9897348160821214	0.010256410256410256
